INACTIVE_FLAG,OFFERING_CODE,OFFERING_KEY,OFFERING_NAME,OFFERING_DESCR,INSTALLED_FLAG,CREATED_BY,CREATION_DATE,LAST_UPDATED_BY,LAST_UPDATE_DATE
"","LTF_Snowflake_New","LTF_Snowflake_New","LTF Snowflake New","","","rarchakam@laterrafina.com","2025-07-07 21:15:15.000000","rarchakam@laterrafina.com","2025-07-25 22:02:00.014000"
"","LTF_SNFL_DATA","LTF_SNFL_DATA","LTF Snowflake Data","","","rarchakam@laterrafina.com","2025-04-08 18:39:29.000000","rarchakam@laterrafina.com","2025-07-07 22:48:02.107000"
"","Header","Header","Header","Test test","","tcunha@pelotongroup.com","2024-12-28 23:14:54.816000","tcunha@pelotongroup.com","2024-12-28 23:14:54.821000"
"","Order Management Extensions","Order Management Extensions","Order Management Extensions","","","tcunha@pelotongroup.com","2024-12-28 23:31:44.662000","tcunha@pelotongroup.com","2024-12-28 23:31:44.683000"
