DATA_STORE_KEY,PARENT_KEY,PARENT_TYPE,INACTIVE_FLAG,CREATED_BY,CREATION_DATE,LAST_UPDATED_BY,LAST_UPDATE_DATE
"FscmTopModelAM.ScmExtractAM.DooBiccExtractAM.FulfillLineExtractPVO","SCOM_AN_OFRNG","OFF","0","tcunha@pelotongroup.com","2025-01-04 10:16:50.881000","tcunha@pelotongroup.com","2025-01-04 10:16:51.996000"
"FscmTopModelAM.InvUomPublicViewAM.InvUnitsOfMeasurePVO","SCOM_AN_OFRNG","OFF","0","tcunha@pelotongroup.com","2025-01-26 12:16:46.099000","tcunha@pelotongroup.com","2025-01-26 12:16:46.141000"
"FscmTopModelAM.EgpItemsPublicModelAM.Item","FIN_AN_OFRNG","OFF","0","tcunha@pelotongroup.com","2025-01-11 16:05:26.000000","tcunha@pelotongroup.com","2025-01-11 16:05:26.077000"
"FscmTopModelAM.PartiesAnalyticsAM.CustAccountSiteUse","FIN_AN_OFRNG","OFF","0","tcunha@pelotongroup.com","2025-01-11 16:07:38.900000","tcunha@pelotongroup.com","2025-01-11 16:07:38.931000"
"FscmTopModelAM.PartiesAnalyticsAM.CustAccountSiteUse","PROC_SPEND_AN_OFRNG","OFF","0","tcunha@pelotongroup.com","2025-01-11 16:07:38.900000","tcunha@pelotongroup.com","2025-01-11 16:07:38.934000"
"FscmTopModelAM.PartiesAnalyticsAM.CustAccountSiteUse","SCOM_AN_OFRNG","OFF","0","tcunha@pelotongroup.com","2025-01-11 16:07:38.900000","tcunha@pelotongroup.com","2025-01-11 16:07:38.935000"
"FscmTopModelAM.ScmExtractAM.InvBiccExtractAM.InventoryReservationsExtractPVO","INNOVATION_MGMT_AN_OFRNG","OFF","0","tcunha@pelotongroup.com","2025-01-14 18:52:07.589000","tcunha@pelotongroup.com","2025-01-14 18:52:07.676000"
"FscmTopModelAM.EgpItemsPublicModelAM.InventoryItem","PROC_SPEND_AN_OFRNG","OFF","0","tcunha@pelotongroup.com","2025-01-26 12:37:40.828000","tcunha@pelotongroup.com","2025-01-26 12:37:40.848000"
"FscmTopModelAM.EgpItemsPublicModelAM.InventoryItem","SCOM_AN_OFRNG","OFF","0","tcunha@pelotongroup.com","2025-01-26 12:37:40.828000","tcunha@pelotongroup.com","2025-01-26 12:37:40.848000"
"FscmTopModelAM.ScmExtractAM.InvBiccExtractAM.InventoryReservationsExtractPVO","MNT_AN_OFRNG","OFF","0","tcunha@pelotongroup.com","2025-01-14 18:52:07.589000","tcunha@pelotongroup.com","2025-01-14 18:52:07.680000"
"FscmTopModelAM.ScmExtractAM.InvBiccExtractAM.InventoryReservationsExtractPVO","MFG_AN_OFRNG","OFF","0","tcunha@pelotongroup.com","2025-01-14 18:52:07.590000","tcunha@pelotongroup.com","2025-01-14 18:52:07.682000"
"FscmTopModelAM.ScmExtractAM.InvBiccExtractAM.InventoryReservationsExtractPVO","PIM_AN_OFRNG","OFF","0","tcunha@pelotongroup.com","2025-01-14 18:52:07.590000","tcunha@pelotongroup.com","2025-01-14 18:52:07.682000"
"FscmTopModelAM.ScmExtractAM.InvBiccExtractAM.InventoryReservationsExtractPVO","SCOM_AN_OFRNG","OFF","0","tcunha@pelotongroup.com","2025-01-14 18:52:07.590000","tcunha@pelotongroup.com","2025-01-14 18:52:07.683000"
"FscmTopModelAM.ScmExtractAM.InvBiccExtractAM.InventoryReservationsExtractPVO","Order Management Extensions","OFF","0","tcunha@pelotongroup.com","2025-01-14 18:52:07.590000","tcunha@pelotongroup.com","2025-01-14 18:52:07.685000"
"FscmTopModelAM.EgpItemsPublicModelAM.InventoryItem","FIN_AN_OFRNG","OFF","0","tcunha@pelotongroup.com","2025-01-26 12:37:40.827000","tcunha@pelotongroup.com","2025-01-26 12:37:40.846000"
"FscmTopModelAM.AnalyticsServiceAM.LookupValuesPVO","FIN_AN_OFRNG","OFF","0","arodrigues@pelotongroup.com","2025-06-11 18:24:05.001000","arodrigues@pelotongroup.com","2025-06-11 18:24:05.231000"
"FscmTopModelAM.AnalyticsServiceAM.LookupValuesPVO","HR_AN_OFRNG","OFF","0","arodrigues@pelotongroup.com","2025-06-11 18:24:05.001000","arodrigues@pelotongroup.com","2025-06-11 18:24:05.232000"
"FscmTopModelAM.ScmExtractAM.ScmRcsBiccExtractAM.InvOrgParametersExtractPVO","INNOVATION_MGMT_AN_OFRNG","OFF","0","arodrigues@pelotongroup.com","2025-04-22 16:00:24.000000","arodrigues@pelotongroup.com","2025-04-22 16:00:24.267000"
"FscmTopModelAM.ScmExtractAM.ScmRcsBiccExtractAM.InvOrgParametersExtractPVO","MNT_AN_OFRNG","OFF","0","arodrigues@pelotongroup.com","2025-04-22 16:00:24.004000","arodrigues@pelotongroup.com","2025-04-22 16:00:24.275000"
"FscmTopModelAM.ScmExtractAM.ScmRcsBiccExtractAM.InvOrgParametersExtractPVO","MFG_AN_OFRNG","OFF","0","arodrigues@pelotongroup.com","2025-04-22 16:00:24.004000","arodrigues@pelotongroup.com","2025-04-22 16:00:24.277000"
"FscmTopModelAM.ScmExtractAM.ScmRcsBiccExtractAM.InvOrgParametersExtractPVO","PIM_AN_OFRNG","OFF","0","arodrigues@pelotongroup.com","2025-04-22 16:00:24.004000","arodrigues@pelotongroup.com","2025-04-22 16:00:24.278000"
"FscmTopModelAM.ScmExtractAM.ScmRcsBiccExtractAM.InvOrgParametersExtractPVO","SCOM_AN_OFRNG","OFF","0","arodrigues@pelotongroup.com","2025-04-22 16:00:24.004000","arodrigues@pelotongroup.com","2025-04-22 16:00:24.279000"
"FscmTopModelAM.ScmExtractAM.ScmRcsBiccExtractAM.InvOrgParametersExtractPVO","Order Management Extensions","OFF","0","arodrigues@pelotongroup.com","2025-04-22 16:00:24.004000","arodrigues@pelotongroup.com","2025-04-22 16:00:24.279000"
"FscmTopModelAM.ScmExtractAM.DooBiccExtractAM.FulfillLineDetailExtractPVO","Order Management Extensions","OFF","0","tcunha@pelotongroup.com","2024-12-28 23:31:44.675000","tcunha@pelotongroup.com","2024-12-28 23:31:44.696000"
"FscmTopModelAM.AnalyticsServiceAM.LookupValuesPVO","CDM_AN_OFRNG","OFF","0","arodrigues@pelotongroup.com","2025-06-11 18:24:05.000000","arodrigues@pelotongroup.com","2025-06-11 18:24:05.229000"
"FscmTopModelAM.AnalyticsServiceAM.LookupValuesPVO","INCENTIVE_COMP_AN_OFRNG","OFF","0","arodrigues@pelotongroup.com","2025-06-11 18:24:05.002000","arodrigues@pelotongroup.com","2025-06-11 18:24:05.232000"
"FscmTopModelAM.ScmExtractAM.DooBiccExtractAM.LineExtractPVO","Order Management Extensions","OFF","0","tcunha@pelotongroup.com","2024-12-28 23:31:44.677000","tcunha@pelotongroup.com","2024-12-28 23:31:44.699000"
"FscmTopModelAM.PartiesAnalyticsAM.CustomerAccount","HED_AN_OFRNG","OFF","0","tcunha@pelotongroup.com","2025-01-04 09:43:47.406000","tcunha@pelotongroup.com","2025-01-04 09:43:47.452000"
"FscmTopModelAM.PartiesAnalyticsAM.CustomerAccount","INCENTIVE_COMP_AN_OFRNG","OFF","0","tcunha@pelotongroup.com","2025-01-04 09:43:47.406000","tcunha@pelotongroup.com","2025-01-04 09:43:47.453000"
"FscmTopModelAM.FinArCustomersPublicModelAM.SiteContact","FIN_AN_OFRNG","OFF","0","tcunha@pelotongroup.com","2024-12-31 11:52:11.200000","tcunha@pelotongroup.com","2024-12-31 11:52:11.235000"
"FscmTopModelAM.ScmExtractAM.InvBiccExtractAM.TransferOrderHeaderExtractPVO","INNOVATION_MGMT_AN_OFRNG","OFF","0","tcunha@pelotongroup.com","2025-01-04 09:39:22.000000","tcunha@pelotongroup.com","2025-01-04 09:39:22.038000"
"FscmTopModelAM.FinArCustomersPublicModelAM.SiteContact","Order Management Extensions","OFF","0","tcunha@pelotongroup.com","2024-12-31 11:52:11.201000","tcunha@pelotongroup.com","2024-12-31 11:52:11.237000"
"FscmTopModelAM.ScmExtractAM.InvBiccExtractAM.TransferOrderHeaderExtractPVO","MNT_AN_OFRNG","OFF","0","tcunha@pelotongroup.com","2025-01-04 09:39:22.001000","tcunha@pelotongroup.com","2025-01-04 09:39:22.042000"
"FscmTopModelAM.ScmExtractAM.InvBiccExtractAM.TransferOrderHeaderExtractPVO","MFG_AN_OFRNG","OFF","0","tcunha@pelotongroup.com","2025-01-04 09:39:22.001000","tcunha@pelotongroup.com","2025-01-04 09:39:22.044000"
"FscmTopModelAM.ScmExtractAM.InvBiccExtractAM.TransferOrderHeaderExtractPVO","PIM_AN_OFRNG","OFF","0","tcunha@pelotongroup.com","2025-01-04 09:39:22.001000","tcunha@pelotongroup.com","2025-01-04 09:39:22.045000"
"FscmTopModelAM.ScmExtractAM.InvBiccExtractAM.TransferOrderHeaderExtractPVO","SCOM_AN_OFRNG","OFF","0","tcunha@pelotongroup.com","2025-01-04 09:39:22.001000","tcunha@pelotongroup.com","2025-01-04 09:39:22.046000"
"FscmTopModelAM.ScmExtractAM.InvBiccExtractAM.TransferOrderLineExtractPVO","INNOVATION_MGMT_AN_OFRNG","OFF","0","tcunha@pelotongroup.com","2025-01-04 09:39:37.442000","tcunha@pelotongroup.com","2025-01-04 09:39:37.546000"
"FscmTopModelAM.ScmExtractAM.InvBiccExtractAM.TransferOrderLineExtractPVO","MNT_AN_OFRNG","OFF","0","tcunha@pelotongroup.com","2025-01-04 09:39:37.442000","tcunha@pelotongroup.com","2025-01-04 09:39:37.547000"
"FscmTopModelAM.ScmExtractAM.InvBiccExtractAM.TransferOrderLineExtractPVO","MFG_AN_OFRNG","OFF","0","tcunha@pelotongroup.com","2025-01-04 09:39:37.443000","tcunha@pelotongroup.com","2025-01-04 09:39:37.548000"
"FscmTopModelAM.ScmExtractAM.InvBiccExtractAM.TransferOrderLineExtractPVO","PIM_AN_OFRNG","OFF","0","tcunha@pelotongroup.com","2025-01-04 09:39:37.443000","tcunha@pelotongroup.com","2025-01-04 09:39:37.549000"
"FscmTopModelAM.ScmExtractAM.InvBiccExtractAM.TransferOrderLineExtractPVO","SCOM_AN_OFRNG","OFF","0","tcunha@pelotongroup.com","2025-01-04 09:39:37.443000","tcunha@pelotongroup.com","2025-01-04 09:39:37.550000"
"FscmTopModelAM.PartiesAnalyticsAM.CustomerAccount","FIN_AN_OFRNG","OFF","0","tcunha@pelotongroup.com","2025-01-04 09:43:47.405000","tcunha@pelotongroup.com","2025-01-04 09:43:47.451000"
"FscmTopModelAM.PartiesAnalyticsAM.CustomerAccount","PROC_SPEND_AN_OFRNG","OFF","0","tcunha@pelotongroup.com","2025-01-04 09:43:47.406000","tcunha@pelotongroup.com","2025-01-04 09:43:47.454000"
"FscmTopModelAM.PartiesAnalyticsAM.CustomerAccount","PROJECT_AN_OFRNG","OFF","0","tcunha@pelotongroup.com","2025-01-04 09:43:47.406000","tcunha@pelotongroup.com","2025-01-04 09:43:47.455000"
"FscmTopModelAM.PartiesAnalyticsAM.CustomerAccount","SCOM_AN_OFRNG","OFF","0","tcunha@pelotongroup.com","2025-01-04 09:43:47.406000","tcunha@pelotongroup.com","2025-01-04 09:43:47.456000"
"FscmTopModelAM.PartiesAnalyticsAM.CustomerAccount","Order Management Extensions","OFF","0","tcunha@pelotongroup.com","2025-01-04 09:43:47.406000","tcunha@pelotongroup.com","2025-01-04 09:43:47.457000"
"FscmTopModelAM.AnalyticsServiceAM.LookupValuesPVO","MARKETING_AN_OFRNG","OFF","0","arodrigues@pelotongroup.com","2025-06-11 18:24:05.002000","arodrigues@pelotongroup.com","2025-06-11 18:24:05.233000"
"FscmTopModelAM.AnalyticsServiceAM.LookupValuesPVO","Order Management Extensions","OFF","0","arodrigues@pelotongroup.com","2025-06-11 18:24:05.002000","arodrigues@pelotongroup.com","2025-06-11 18:24:05.234000"
"FscmTopModelAM.AnalyticsServiceAM.LookupValuesPVO","PARTNER_AN_OFRNG","OFF","0","arodrigues@pelotongroup.com","2025-06-11 18:24:05.002000","arodrigues@pelotongroup.com","2025-06-11 18:24:05.235000"
"FscmTopModelAM.AnalyticsServiceAM.LookupValuesPVO","PIM_AN_OFRNG","OFF","0","arodrigues@pelotongroup.com","2025-06-11 18:24:05.002000","arodrigues@pelotongroup.com","2025-06-11 18:24:05.235000"
"FscmTopModelAM.AnalyticsServiceAM.LookupValuesPVO","PROC_SPEND_AN_OFRNG","OFF","0","arodrigues@pelotongroup.com","2025-06-11 18:24:05.002000","arodrigues@pelotongroup.com","2025-06-11 18:24:05.236000"
"FscmTopModelAM.AnalyticsServiceAM.LookupValuesPVO","PROJECT_AN_OFRNG","OFF","0","arodrigues@pelotongroup.com","2025-06-11 18:24:05.002000","arodrigues@pelotongroup.com","2025-06-11 18:24:05.237000"
"FscmTopModelAM.AnalyticsServiceAM.LookupValuesPVO","SALES_AN_OFRNG","OFF","0","arodrigues@pelotongroup.com","2025-06-11 18:24:05.002000","arodrigues@pelotongroup.com","2025-06-11 18:24:05.238000"
"FscmTopModelAM.AnalyticsServiceAM.LookupValuesPVO","SCOM_AN_OFRNG","OFF","0","arodrigues@pelotongroup.com","2025-06-11 18:24:05.002000","arodrigues@pelotongroup.com","2025-06-11 18:24:05.239000"
"FscmTopModelAM.FinArCustomersPublicModelAM.SiteContactPoint","Order Management Extensions","OFF","0","tcunha@pelotongroup.com","2024-12-31 11:52:24.643000","tcunha@pelotongroup.com","2024-12-31 11:52:24.664000"
"FscmTopModelAM.FinArTopPublicModelAM.CustomerFinancialProfilePVO","SCOM_AN_OFRNG","OFF","0","tcunha@pelotongroup.com","2025-01-04 09:44:55.349000","tcunha@pelotongroup.com","2025-01-04 09:44:55.377000"
"FscmTopModelAM.FinArTopPublicModelAM.CustomerFinancialProfilePVO","Order Management Extensions","OFF","0","tcunha@pelotongroup.com","2025-01-04 09:44:55.350000","tcunha@pelotongroup.com","2025-01-04 09:44:55.378000"
"FscmTopModelAM.EgpItemsPublicModelAM.ItemCategory","FIN_AN_OFRNG","OFF","0","tcunha@pelotongroup.com","2025-01-07 09:55:59.562000","tcunha@pelotongroup.com","2025-01-07 09:55:59.624000"
"FscmTopModelAM.EgpItemsPublicModelAM.ItemCategory","INCENTIVE_COMP_AN_OFRNG","OFF","0","tcunha@pelotongroup.com","2025-01-07 09:55:59.562000","tcunha@pelotongroup.com","2025-01-07 09:55:59.625000"
"FscmTopModelAM.FinArCustomersPublicModelAM.SiteContactPoint","FIN_AN_OFRNG","OFF","0","tcunha@pelotongroup.com","2024-12-31 11:52:24.643000","tcunha@pelotongroup.com","2024-12-31 11:52:24.663000"
"FscmTopModelAM.FinArTopPublicModelAM.CustomerFinancialProfilePVO","FIN_AN_OFRNG","OFF","0","tcunha@pelotongroup.com","2025-01-04 09:44:55.349000","tcunha@pelotongroup.com","2025-01-04 09:44:55.375000"
"FscmTopModelAM.EgpItemsPublicModelAM.ItemCategory","MNT_AN_OFRNG","OFF","0","tcunha@pelotongroup.com","2025-01-07 09:55:59.562000","tcunha@pelotongroup.com","2025-01-07 09:55:59.626000"
"FscmTopModelAM.EgpItemsPublicModelAM.ItemCategory","MFG_AN_OFRNG","OFF","0","tcunha@pelotongroup.com","2025-01-07 09:55:59.562000","tcunha@pelotongroup.com","2025-01-07 09:55:59.627000"
"FscmTopModelAM.EgpItemsPublicModelAM.ItemCategory","MARKETING_AN_OFRNG","OFF","0","tcunha@pelotongroup.com","2025-01-07 09:55:59.562000","tcunha@pelotongroup.com","2025-01-07 09:55:59.628000"
"FscmTopModelAM.EgpItemsPublicModelAM.ItemCategory","PARTNER_AN_OFRNG","OFF","0","tcunha@pelotongroup.com","2025-01-07 09:55:59.562000","tcunha@pelotongroup.com","2025-01-07 09:55:59.628000"
"FscmTopModelAM.EgpItemsPublicModelAM.ItemCategory","PROC_SPEND_AN_OFRNG","OFF","0","tcunha@pelotongroup.com","2025-01-07 09:55:59.563000","tcunha@pelotongroup.com","2025-01-07 09:55:59.630000"
"FscmTopModelAM.EgpItemsPublicModelAM.ItemCategory","PIM_AN_OFRNG","OFF","0","tcunha@pelotongroup.com","2025-01-07 09:55:59.563000","tcunha@pelotongroup.com","2025-01-07 09:55:59.631000"
"FscmTopModelAM.EgpItemsPublicModelAM.ItemCategory","PROJECT_AN_OFRNG","OFF","0","tcunha@pelotongroup.com","2025-01-07 09:55:59.563000","tcunha@pelotongroup.com","2025-01-07 09:55:59.631000"
"FscmTopModelAM.EgpItemsPublicModelAM.ItemCategory","SALES_AN_OFRNG","OFF","0","tcunha@pelotongroup.com","2025-01-07 09:55:59.563000","tcunha@pelotongroup.com","2025-01-07 09:55:59.632000"
"FscmTopModelAM.EgpItemsPublicModelAM.ItemCategory","SCP_AN_OFRNG","OFF","0","tcunha@pelotongroup.com","2025-01-07 09:55:59.563000","tcunha@pelotongroup.com","2025-01-07 09:55:59.633000"
"FscmTopModelAM.EgpItemsPublicModelAM.ItemCategory","SCOM_AN_OFRNG","OFF","0","tcunha@pelotongroup.com","2025-01-07 09:55:59.563000","tcunha@pelotongroup.com","2025-01-07 09:55:59.634000"
"FscmTopModelAM.EgpItemsPublicModelAM.ItemCategory","Order Management Extensions","OFF","0","tcunha@pelotongroup.com","2025-01-07 09:55:59.563000","tcunha@pelotongroup.com","2025-01-07 09:55:59.634000"
"FscmTopModelAM.PartiesAnalyticsAM.CustAcctSiteUseLoc","FIN_AN_OFRNG","OFF","0","arodrigues@pelotongroup.com","2025-06-26 23:30:18.000000","arodrigues@pelotongroup.com","2025-06-26 23:30:19.015000"
"FscmTopModelAM.PartiesAnalyticsAM.CustAcctSiteUseLoc","PROJECT_AN_OFRNG","OFF","0","arodrigues@pelotongroup.com","2025-06-26 23:30:18.009000","arodrigues@pelotongroup.com","2025-06-26 23:30:19.023000"
"FscmTopModelAM.PartiesAnalyticsAM.CustAcctSiteUseLoc","SCOM_AN_OFRNG","OFF","0","arodrigues@pelotongroup.com","2025-06-26 23:30:18.009000","arodrigues@pelotongroup.com","2025-06-26 23:30:19.024000"
"FscmTopModelAM.ScmExtractAM.DooBiccExtractAM.FulfillLineStatusExtractPVO","MNT_AN_OFRNG","OFF","0","tcunha@pelotongroup.com","2025-01-11 18:04:21.002000","tcunha@pelotongroup.com","2025-01-11 18:04:21.047000"
"FscmTopModelAM.PartiesAnalyticsAM.PartySite","Order Management Extensions","OFF","0","arodrigues@pelotongroup.com","2025-04-14 00:55:31.008000","arodrigues@pelotongroup.com","2025-04-14 00:55:31.107000"
"FscmTopModelAM.ScmExtractAM.WshBiccExtractAM.DeliveryExtractPVO","INNOVATION_MGMT_AN_OFRNG","OFF","0","arodrigues@pelotongroup.com","2025-04-14 00:57:58.439000","arodrigues@pelotongroup.com","2025-04-14 00:57:58.546000"
"FscmTopModelAM.ScmExtractAM.WshBiccExtractAM.DeliveryExtractPVO","MNT_AN_OFRNG","OFF","0","arodrigues@pelotongroup.com","2025-04-14 00:57:58.440000","arodrigues@pelotongroup.com","2025-04-14 00:57:58.547000"
"FscmTopModelAM.ScmExtractAM.WshBiccExtractAM.DeliveryExtractPVO","MFG_AN_OFRNG","OFF","0","arodrigues@pelotongroup.com","2025-04-14 00:57:58.440000","arodrigues@pelotongroup.com","2025-04-14 00:57:58.549000"
"FscmTopModelAM.ScmExtractAM.WshBiccExtractAM.DeliveryExtractPVO","PIM_AN_OFRNG","OFF","0","arodrigues@pelotongroup.com","2025-04-14 00:57:58.440000","arodrigues@pelotongroup.com","2025-04-14 00:57:58.550000"
"FscmTopModelAM.ScmExtractAM.WshBiccExtractAM.DeliveryExtractPVO","SCOM_AN_OFRNG","OFF","0","arodrigues@pelotongroup.com","2025-04-14 00:57:58.440000","arodrigues@pelotongroup.com","2025-04-14 00:57:58.553000"
"FscmTopModelAM.ScmExtractAM.WshBiccExtractAM.DeliveryExtractPVO","Order Management Extensions","OFF","0","arodrigues@pelotongroup.com","2025-04-14 00:57:58.440000","arodrigues@pelotongroup.com","2025-04-14 00:57:58.554000"
"FscmTopModelAM.ScmExtractAM.WshBiccExtractAM.DeliveryLineAssignmentExtractPVO","INNOVATION_MGMT_AN_OFRNG","OFF","0","arodrigues@pelotongroup.com","2025-04-14 00:58:54.468000","arodrigues@pelotongroup.com","2025-04-14 00:58:54.495000"
"FscmTopModelAM.ScmExtractAM.WshBiccExtractAM.DeliveryLineAssignmentExtractPVO","MNT_AN_OFRNG","OFF","0","arodrigues@pelotongroup.com","2025-04-14 00:58:54.468000","arodrigues@pelotongroup.com","2025-04-14 00:58:54.496000"
"FscmTopModelAM.ScmExtractAM.WshBiccExtractAM.DeliveryLineAssignmentExtractPVO","MFG_AN_OFRNG","OFF","0","arodrigues@pelotongroup.com","2025-04-14 00:58:54.468000","arodrigues@pelotongroup.com","2025-04-14 00:58:54.497000"
"FscmTopModelAM.ScmExtractAM.WshBiccExtractAM.DeliveryLineAssignmentExtractPVO","PIM_AN_OFRNG","OFF","0","arodrigues@pelotongroup.com","2025-04-14 00:58:54.468000","arodrigues@pelotongroup.com","2025-04-14 00:58:54.498000"
"FscmTopModelAM.ScmExtractAM.WshBiccExtractAM.DeliveryLineAssignmentExtractPVO","SCOM_AN_OFRNG","OFF","0","arodrigues@pelotongroup.com","2025-04-14 00:58:54.468000","arodrigues@pelotongroup.com","2025-04-14 00:58:54.498000"
"FscmTopModelAM.ScmExtractAM.WshBiccExtractAM.DeliveryLineAssignmentExtractPVO","Order Management Extensions","OFF","0","arodrigues@pelotongroup.com","2025-04-14 00:58:54.469000","arodrigues@pelotongroup.com","2025-04-14 00:58:54.499000"
"FscmTopModelAM.ScmExtractAM.WshBiccExtractAM.DeliveryLineExtractPVO","INNOVATION_MGMT_AN_OFRNG","OFF","0","arodrigues@pelotongroup.com","2025-04-14 00:59:52.390000","arodrigues@pelotongroup.com","2025-04-14 00:59:52.542000"
"FscmTopModelAM.ScmExtractAM.WshBiccExtractAM.DeliveryLineExtractPVO","MNT_AN_OFRNG","OFF","0","arodrigues@pelotongroup.com","2025-04-14 00:59:52.391000","arodrigues@pelotongroup.com","2025-04-14 00:59:52.544000"
"FscmTopModelAM.ScmExtractAM.WshBiccExtractAM.DeliveryLineExtractPVO","MFG_AN_OFRNG","OFF","0","arodrigues@pelotongroup.com","2025-04-14 00:59:52.391000","arodrigues@pelotongroup.com","2025-04-14 00:59:52.544000"
"FscmTopModelAM.ScmExtractAM.WshBiccExtractAM.DeliveryLineExtractPVO","PIM_AN_OFRNG","OFF","0","arodrigues@pelotongroup.com","2025-04-14 00:59:52.391000","arodrigues@pelotongroup.com","2025-04-14 00:59:52.545000"
"FscmTopModelAM.ScmExtractAM.WshBiccExtractAM.DeliveryLineExtractPVO","SCOM_AN_OFRNG","OFF","0","arodrigues@pelotongroup.com","2025-04-14 00:59:52.391000","arodrigues@pelotongroup.com","2025-04-14 00:59:52.546000"
"FscmTopModelAM.ScmExtractAM.WshBiccExtractAM.DeliveryLineExtractPVO","Order Management Extensions","OFF","0","arodrigues@pelotongroup.com","2025-04-14 00:59:52.391000","arodrigues@pelotongroup.com","2025-04-14 00:59:52.547000"
"FscmTopModelAM.PartiesAnalyticsAM.PartyUsage","SCOM_AN_OFRNG","OFF","0","arodrigues@pelotongroup.com","2025-04-14 03:56:52.000000","arodrigues@pelotongroup.com","2025-04-14 03:56:52.039000"
"FscmTopModelAM.PartiesAnalyticsAM.PartyUsage","Order Management Extensions","OFF","0","arodrigues@pelotongroup.com","2025-04-14 03:56:52.007000","arodrigues@pelotongroup.com","2025-04-14 03:56:52.045000"
"FscmTopModelAM.DooTopAM.HeaderBIEffEFFBIFlattened","Order Management Extensions","OFF","0","arodrigues@pelotongroup.com","2025-04-17 17:35:43.791000","arodrigues@pelotongroup.com","2025-04-17 17:35:43.887000"
"FscmTopModelAM.DooTopAM.FulfillLineBIEffEFFBIFlattened","Order Management Extensions","OFF","0","arodrigues@pelotongroup.com","2025-04-22 13:08:05.738000","arodrigues@pelotongroup.com","2025-04-22 13:08:05.786000"
"FscmTopModelAM.DooTopAM.FulfillLineBIEffEFFBIFlattened","SCOM_AN_OFRNG","OFF","0","arodrigues@pelotongroup.com","2025-04-22 13:08:05.739000","arodrigues@pelotongroup.com","2025-04-22 13:08:05.787000"
"FscmTopModelAM.FinArCustomersPublicModelAM.AccountContactRelationShip","Order Management Extensions","OFF","0","tcunha@pelotongroup.com","2024-12-31 14:01:40.002000","tcunha@pelotongroup.com","2024-12-31 14:01:40.875000"
"FscmTopModelAM.FinArCustomersPublicModelAM.AccountContactRelationShip","PROC_SPEND_AN_OFRNG","OFF","0","tcunha@pelotongroup.com","2024-12-31 14:01:40.002000","tcunha@pelotongroup.com","2024-12-31 14:01:40.876000"
"FscmTopModelAM.FinArCustomersPublicModelAM.AccountContactRelationShip","PROJECT_AN_OFRNG","OFF","0","tcunha@pelotongroup.com","2024-12-31 14:01:40.002000","tcunha@pelotongroup.com","2024-12-31 14:01:40.877000"
"FscmTopModelAM.FinArCustomersPublicModelAM.AccountContactRelationShip","SCOM_AN_OFRNG","OFF","0","tcunha@pelotongroup.com","2024-12-31 14:01:40.002000","tcunha@pelotongroup.com","2024-12-31 14:01:40.878000"
"FscmTopModelAM.FinArCustomersPublicModelAM.AccountContact","FIN_AN_OFRNG","OFF","0","tcunha@pelotongroup.com","2024-12-31 15:34:31.000000","tcunha@pelotongroup.com","2024-12-31 15:34:31.460000"
"FscmTopModelAM.FinArCustomersPublicModelAM.AccountContact","Order Management Extensions","OFF","0","tcunha@pelotongroup.com","2024-12-31 15:34:31.001000","tcunha@pelotongroup.com","2024-12-31 15:34:31.462000"
"FscmTopModelAM.ScmExtractAM.DooBiccExtractAM.OrderAddressExtractPVO","PIM_AN_OFRNG","OFF","0","tcunha@pelotongroup.com","2025-01-04 10:23:06.652000","tcunha@pelotongroup.com","2025-01-04 10:23:06.686000"
"FscmTopModelAM.ScmExtractAM.DooBiccExtractAM.OrderAddressExtractPVO","SCOM_AN_OFRNG","OFF","0","tcunha@pelotongroup.com","2025-01-04 10:23:06.652000","tcunha@pelotongroup.com","2025-01-04 10:23:06.686000"
"FscmTopModelAM.ScmExtractAM.DooBiccExtractAM.OrderAddressExtractPVO","INNOVATION_MGMT_AN_OFRNG","OFF","0","tcunha@pelotongroup.com","2025-01-04 10:23:06.652000","tcunha@pelotongroup.com","2025-01-04 10:23:06.680000"
"FscmTopModelAM.ScmExtractAM.DooBiccExtractAM.OrderAddressExtractPVO","Order Management Extensions","OFF","0","tcunha@pelotongroup.com","2025-01-04 10:23:06.652000","tcunha@pelotongroup.com","2025-01-04 10:23:06.687000"
"FscmTopModelAM.ScmExtractAM.DooBiccExtractAM.HoldCodeExtractPVO","MFG_AN_OFRNG","OFF","0","tcunha@pelotongroup.com","2025-01-07 09:45:19.299000","tcunha@pelotongroup.com","2025-01-07 09:45:19.372000"
"FscmTopModelAM.ScmExtractAM.DooBiccExtractAM.HoldCodeExtractPVO","PIM_AN_OFRNG","OFF","0","tcunha@pelotongroup.com","2025-01-07 09:45:19.300000","tcunha@pelotongroup.com","2025-01-07 09:45:19.373000"
"FscmTopModelAM.ScmExtractAM.DooBiccExtractAM.HoldCodeExtractPVO","SCOM_AN_OFRNG","OFF","0","tcunha@pelotongroup.com","2025-01-07 09:45:19.300000","tcunha@pelotongroup.com","2025-01-07 09:45:19.374000"
"FscmTopModelAM.EgpItemsPublicModelAM.ItemRelationship","PIM_AN_OFRNG","OFF","0","rarchakam@laterrafina.com","2025-06-10 23:03:21.001000","rarchakam@laterrafina.com","2025-06-10 23:03:21.539000"
"FscmTopModelAM.ScmExtractAM.DooBiccExtractAM.HoldCodeExtractPVO","Order Management Extensions","OFF","0","tcunha@pelotongroup.com","2025-01-07 09:45:19.300000","tcunha@pelotongroup.com","2025-01-07 09:45:19.375000"
"FscmTopModelAM.ScmExtractAM.DooBiccExtractAM.HoldInstanceExtractPVO","INNOVATION_MGMT_AN_OFRNG","OFF","0","tcunha@pelotongroup.com","2025-01-09 20:32:25.370000","tcunha@pelotongroup.com","2025-01-09 20:32:25.418000"
"FscmTopModelAM.ScmExtractAM.DooBiccExtractAM.HoldInstanceExtractPVO","MNT_AN_OFRNG","OFF","0","tcunha@pelotongroup.com","2025-01-09 20:32:25.371000","tcunha@pelotongroup.com","2025-01-09 20:32:25.420000"
"FscmTopModelAM.ScmExtractAM.DooBiccExtractAM.HoldInstanceExtractPVO","MFG_AN_OFRNG","OFF","0","tcunha@pelotongroup.com","2025-01-09 20:32:25.371000","tcunha@pelotongroup.com","2025-01-09 20:32:25.421000"
"FscmTopModelAM.ScmExtractAM.DooBiccExtractAM.HoldInstanceExtractPVO","PIM_AN_OFRNG","OFF","0","tcunha@pelotongroup.com","2025-01-09 20:32:25.371000","tcunha@pelotongroup.com","2025-01-09 20:32:25.422000"
"FscmTopModelAM.ScmExtractAM.DooBiccExtractAM.HoldInstanceExtractPVO","SCOM_AN_OFRNG","OFF","0","tcunha@pelotongroup.com","2025-01-09 20:32:25.371000","tcunha@pelotongroup.com","2025-01-09 20:32:25.422000"
"FscmTopModelAM.ScmExtractAM.DooBiccExtractAM.HoldInstanceExtractPVO","Order Management Extensions","OFF","0","tcunha@pelotongroup.com","2025-01-09 20:32:25.371000","tcunha@pelotongroup.com","2025-01-09 20:32:25.423000"
"FscmTopModelAM.InventoryAM.InventoryOnhandPVO","FIN_AN_OFRNG","OFF","0","edouglas@pelotongroup.com","2025-01-13 21:18:07.000000","edouglas@pelotongroup.com","2025-01-13 21:18:08.415000"
"FscmTopModelAM.ScmExtractAM.DooBiccExtractAM.HoldCodeExtractPVO","INNOVATION_MGMT_AN_OFRNG","OFF","0","tcunha@pelotongroup.com","2025-01-07 09:45:19.299000","tcunha@pelotongroup.com","2025-01-07 09:45:19.369000"
"FscmTopModelAM.InventoryAM.InventoryOnhandPVO","MFG_AN_OFRNG","OFF","0","edouglas@pelotongroup.com","2025-01-13 21:18:07.002000","edouglas@pelotongroup.com","2025-01-13 21:18:08.418000"
"FscmTopModelAM.InventoryAM.InventoryOnhandPVO","MNT_AN_OFRNG","OFF","0","edouglas@pelotongroup.com","2025-01-13 21:18:07.002000","edouglas@pelotongroup.com","2025-01-13 21:18:08.420000"
"FscmTopModelAM.InventoryAM.InventoryOnhandPVO","Order Management Extensions","OFF","0","edouglas@pelotongroup.com","2025-01-13 21:18:07.002000","edouglas@pelotongroup.com","2025-01-13 21:18:08.421000"
"FscmTopModelAM.InventoryAM.InventoryOnhandPVO","SCOM_AN_OFRNG","OFF","0","edouglas@pelotongroup.com","2025-01-13 21:18:07.002000","edouglas@pelotongroup.com","2025-01-13 21:18:08.421000"
"FscmTopModelAM.ScmExtractAM.EgpBiccExtractAM.ItemRelationshipExtractPVO","INNOVATION_MGMT_AN_OFRNG","OFF","0","arodrigues@pelotongroup.com","2025-02-04 13:47:16.051000","arodrigues@pelotongroup.com","2025-02-04 13:47:16.279000"
"FscmTopModelAM.ScmExtractAM.EgpBiccExtractAM.ItemRelationshipExtractPVO","MNT_AN_OFRNG","OFF","0","arodrigues@pelotongroup.com","2025-02-04 13:47:16.052000","arodrigues@pelotongroup.com","2025-02-04 13:47:16.283000"
"FscmTopModelAM.ScmExtractAM.EgpBiccExtractAM.ItemRelationshipExtractPVO","MFG_AN_OFRNG","OFF","0","arodrigues@pelotongroup.com","2025-02-04 13:47:16.053000","arodrigues@pelotongroup.com","2025-02-04 13:47:16.284000"
"FscmTopModelAM.ScmExtractAM.EgpBiccExtractAM.ItemRelationshipExtractPVO","PIM_AN_OFRNG","OFF","0","arodrigues@pelotongroup.com","2025-02-04 13:47:16.054000","arodrigues@pelotongroup.com","2025-02-04 13:47:16.285000"
"FscmTopModelAM.ScmExtractAM.EgpBiccExtractAM.ItemRelationshipExtractPVO","SCOM_AN_OFRNG","OFF","0","arodrigues@pelotongroup.com","2025-02-04 13:47:16.054000","arodrigues@pelotongroup.com","2025-02-04 13:47:16.286000"
"FscmTopModelAM.ScmExtractAM.EgpBiccExtractAM.ItemRelationshipExtractPVO","Order Management Extensions","OFF","0","arodrigues@pelotongroup.com","2025-02-04 13:47:16.054000","arodrigues@pelotongroup.com","2025-02-04 13:47:16.288000"
"FscmTopModelAM.ScmExtractAM.DooBiccExtractAM.HeaderExtractPVO","Header","OFF","0","tcunha@pelotongroup.com","2025-01-04 09:54:57.973000","tcunha@pelotongroup.com","2025-01-04 09:54:58.251000"
"FscmTopModelAM.PartiesAnalyticsAM.CustomerAccountRelationship","FIN_AN_OFRNG","OFF","0","tcunha@pelotongroup.com","2025-01-04 09:44:02.866000","tcunha@pelotongroup.com","2025-01-04 09:44:02.897000"
"FscmTopModelAM.ScmExtractAM.DooBiccExtractAM.HeaderExtractPVO","INNOVATION_MGMT_AN_OFRNG","OFF","0","tcunha@pelotongroup.com","2025-01-04 09:54:57.973000","tcunha@pelotongroup.com","2025-01-04 09:54:58.252000"
"FscmTopModelAM.PartiesAnalyticsAM.CustomerAccountRelationship","Order Management Extensions","OFF","0","tcunha@pelotongroup.com","2025-01-04 09:44:02.866000","tcunha@pelotongroup.com","2025-01-04 09:44:02.899000"
"FscmTopModelAM.ScmExtractAM.DooBiccExtractAM.HeaderExtractPVO","MFG_AN_OFRNG","OFF","0","tcunha@pelotongroup.com","2025-01-04 09:54:57.974000","tcunha@pelotongroup.com","2025-01-04 09:54:58.253000"
"FscmTopModelAM.ScmExtractAM.DooBiccExtractAM.HeaderExtractPVO","MNT_AN_OFRNG","OFF","0","tcunha@pelotongroup.com","2025-01-04 09:54:57.974000","tcunha@pelotongroup.com","2025-01-04 09:54:58.254000"
"FscmTopModelAM.ScmExtractAM.DooBiccExtractAM.HeaderExtractPVO","Order Management Extensions","OFF","0","tcunha@pelotongroup.com","2025-01-04 09:54:57.974000","tcunha@pelotongroup.com","2025-01-04 09:54:58.255000"
"FscmTopModelAM.ScmExtractAM.DooBiccExtractAM.HeaderExtractPVO","PIM_AN_OFRNG","OFF","0","tcunha@pelotongroup.com","2025-01-04 09:54:57.974000","tcunha@pelotongroup.com","2025-01-04 09:54:58.255000"
"FscmTopModelAM.ScmExtractAM.DooBiccExtractAM.HeaderExtractPVO","SCOM_AN_OFRNG","OFF","0","tcunha@pelotongroup.com","2025-01-04 09:54:57.974000","tcunha@pelotongroup.com","2025-01-04 09:54:58.256000"
"FscmTopModelAM.CustAcctContactInformationBIAM.FLEX_BI_CustAcctContactInformation_VI","CDM_AN_OFRNG","OFF","0","arodrigues@pelotongroup.com","2025-05-08 14:49:24.000000","arodrigues@pelotongroup.com","2025-05-08 14:49:24.090000"
"FscmTopModelAM.CustAcctContactInformationBIAM.FLEX_BI_CustAcctContactInformation_VI","FIN_AN_OFRNG","OFF","0","arodrigues@pelotongroup.com","2025-05-08 14:49:24.005000","arodrigues@pelotongroup.com","2025-05-08 14:49:24.093000"
"FscmTopModelAM.CustAcctContactInformationBIAM.FLEX_BI_CustAcctContactInformation_VI","Order Management Extensions","OFF","0","arodrigues@pelotongroup.com","2025-05-08 14:49:24.005000","arodrigues@pelotongroup.com","2025-05-08 14:49:24.094000"
"FscmTopModelAM.CustAcctContactInformationBIAM.FLEX_BI_CustAcctContactInformation_VI","SCOM_AN_OFRNG","OFF","0","arodrigues@pelotongroup.com","2025-05-08 14:49:24.006000","arodrigues@pelotongroup.com","2025-05-08 14:49:24.095000"
"FscmTopModelAM.ScmExtractAM.RcvBiccExtractAM.ReceivingInboundShipmentHeaderExtractPVO","INNOVATION_MGMT_AN_OFRNG","OFF","0","arodrigues@pelotongroup.com","2025-05-26 21:28:26.000000","arodrigues@pelotongroup.com","2025-05-26 21:28:26.113000"
"FscmTopModelAM.ScmExtractAM.RcvBiccExtractAM.ReceivingInboundShipmentHeaderExtractPVO","MNT_AN_OFRNG","OFF","0","arodrigues@pelotongroup.com","2025-05-26 21:28:26.001000","arodrigues@pelotongroup.com","2025-05-26 21:28:26.115000"
"FscmTopModelAM.ScmExtractAM.RcvBiccExtractAM.ReceivingInboundShipmentHeaderExtractPVO","MFG_AN_OFRNG","OFF","0","arodrigues@pelotongroup.com","2025-05-26 21:28:26.001000","arodrigues@pelotongroup.com","2025-05-26 21:28:26.117000"
"FscmTopModelAM.ScmExtractAM.RcvBiccExtractAM.ReceivingInboundShipmentHeaderExtractPVO","PIM_AN_OFRNG","OFF","0","arodrigues@pelotongroup.com","2025-05-26 21:28:26.001000","arodrigues@pelotongroup.com","2025-05-26 21:28:26.118000"
"FscmTopModelAM.ScmExtractAM.RcvBiccExtractAM.ReceivingInboundShipmentHeaderExtractPVO","SCOM_AN_OFRNG","OFF","0","arodrigues@pelotongroup.com","2025-05-26 21:28:26.001000","arodrigues@pelotongroup.com","2025-05-26 21:28:26.118000"
"FscmTopModelAM.ScmExtractAM.RcvBiccExtractAM.ReceivingInboundShipmentHeaderExtractPVO","Order Management Extensions","OFF","0","arodrigues@pelotongroup.com","2025-05-26 21:28:26.001000","arodrigues@pelotongroup.com","2025-05-26 21:28:26.119000"
"FscmTopModelAM.RcvReceiptsAM.ReceivingIntransitShipmentsPVO","SCOM_AN_OFRNG","OFF","0","arodrigues@pelotongroup.com","2025-05-26 21:54:16.671000","arodrigues@pelotongroup.com","2025-05-26 21:54:16.681000"
"FscmTopModelAM.ScmExtractAM.DooBiccExtractAM.FulfillLineStatusExtractPVO","MFG_AN_OFRNG","OFF","0","tcunha@pelotongroup.com","2025-01-11 18:04:21.002000","tcunha@pelotongroup.com","2025-01-11 18:04:21.048000"
"FscmTopModelAM.ScmExtractAM.DooBiccExtractAM.FulfillLineStatusExtractPVO","PIM_AN_OFRNG","OFF","0","tcunha@pelotongroup.com","2025-01-11 18:04:21.002000","tcunha@pelotongroup.com","2025-01-11 18:04:21.049000"
"FscmTopModelAM.ScmExtractAM.DooBiccExtractAM.FulfillLineStatusExtractPVO","SCOM_AN_OFRNG","OFF","0","tcunha@pelotongroup.com","2025-01-11 18:04:21.002000","tcunha@pelotongroup.com","2025-01-11 18:04:21.050000"
"FscmTopModelAM.EgpItemsPublicModelAM.Item","MARKETING_AN_OFRNG","OFF","0","tcunha@pelotongroup.com","2025-01-11 16:05:26.002000","tcunha@pelotongroup.com","2025-01-11 16:05:26.080000"
"FscmTopModelAM.EgpItemsPublicModelAM.Item","PARTNER_AN_OFRNG","OFF","0","tcunha@pelotongroup.com","2025-01-11 16:05:26.002000","tcunha@pelotongroup.com","2025-01-11 16:05:26.082000"
"FscmTopModelAM.EgpItemsPublicModelAM.Item","PROC_SPEND_AN_OFRNG","OFF","0","tcunha@pelotongroup.com","2025-01-11 16:05:26.002000","tcunha@pelotongroup.com","2025-01-11 16:05:26.083000"
"FscmTopModelAM.EgpItemsPublicModelAM.Item","PIM_AN_OFRNG","OFF","0","tcunha@pelotongroup.com","2025-01-11 16:05:26.002000","tcunha@pelotongroup.com","2025-01-11 16:05:26.084000"
"FscmTopModelAM.EgpItemsPublicModelAM.Item","PROJECT_AN_OFRNG","OFF","0","tcunha@pelotongroup.com","2025-01-11 16:05:26.002000","tcunha@pelotongroup.com","2025-01-11 16:05:26.085000"
"FscmTopModelAM.EgpItemsPublicModelAM.Item","SALES_AN_OFRNG","OFF","0","tcunha@pelotongroup.com","2025-01-11 16:05:26.002000","tcunha@pelotongroup.com","2025-01-11 16:05:26.086000"
"FscmTopModelAM.EgpItemsPublicModelAM.Item","SCOM_AN_OFRNG","OFF","0","tcunha@pelotongroup.com","2025-01-11 16:05:26.002000","tcunha@pelotongroup.com","2025-01-11 16:05:26.087000"
"FscmTopModelAM.ScmExtractAM.DooBiccExtractAM.FulfillLineStatusExtractPVO","INNOVATION_MGMT_AN_OFRNG","OFF","0","tcunha@pelotongroup.com","2025-01-11 18:04:21.000000","tcunha@pelotongroup.com","2025-01-11 18:04:21.044000"
"FscmTopModelAM.InvUomPublicViewAM.InvUnitsOfMeasurePVO","FIN_AN_OFRNG","OFF","0","tcunha@pelotongroup.com","2025-01-26 12:16:46.098000","tcunha@pelotongroup.com","2025-01-26 12:16:46.134000"
"FscmTopModelAM.InvUomPublicViewAM.InvUnitsOfMeasurePVO","HR_AN_OFRNG","OFF","0","tcunha@pelotongroup.com","2025-01-26 12:16:46.098000","tcunha@pelotongroup.com","2025-01-26 12:16:46.135000"
"FscmTopModelAM.InvUomPublicViewAM.InvUnitsOfMeasurePVO","MARKETING_AN_OFRNG","OFF","0","tcunha@pelotongroup.com","2025-01-26 12:16:46.099000","tcunha@pelotongroup.com","2025-01-26 12:16:46.136000"
"FscmTopModelAM.InvUomPublicViewAM.InvUnitsOfMeasurePVO","Order Management Extensions","OFF","0","tcunha@pelotongroup.com","2025-01-26 12:16:46.099000","tcunha@pelotongroup.com","2025-01-26 12:16:46.136000"
"FscmTopModelAM.InvUomPublicViewAM.InvUnitsOfMeasurePVO","PARTNER_AN_OFRNG","OFF","0","tcunha@pelotongroup.com","2025-01-26 12:16:46.099000","tcunha@pelotongroup.com","2025-01-26 12:16:46.137000"
"FscmTopModelAM.InvUomPublicViewAM.InvUnitsOfMeasurePVO","PIM_AN_OFRNG","OFF","0","tcunha@pelotongroup.com","2025-01-26 12:16:46.099000","tcunha@pelotongroup.com","2025-01-26 12:16:46.138000"
"FscmTopModelAM.InvUomPublicViewAM.InvUnitsOfMeasurePVO","PROC_SPEND_AN_OFRNG","OFF","0","tcunha@pelotongroup.com","2025-01-26 12:16:46.099000","tcunha@pelotongroup.com","2025-01-26 12:16:46.139000"
"FscmTopModelAM.InvUomPublicViewAM.InvUnitsOfMeasurePVO","PROJECT_AN_OFRNG","OFF","0","tcunha@pelotongroup.com","2025-01-26 12:16:46.099000","tcunha@pelotongroup.com","2025-01-26 12:16:46.140000"
"FscmTopModelAM.InvUomPublicViewAM.InvUnitsOfMeasurePVO","SALES_AN_OFRNG","OFF","0","tcunha@pelotongroup.com","2025-01-26 12:16:46.099000","tcunha@pelotongroup.com","2025-01-26 12:16:46.141000"
"FscmTopModelAM.FinArCustomersPublicModelAM.AccountContactPoint","Order Management Extensions","OFF","0","tcunha@pelotongroup.com","2024-12-31 11:50:33.891000","tcunha@pelotongroup.com","2024-12-31 11:50:33.912000"
"FscmTopModelAM.ScmExtractAM.DooBiccExtractAM.HoldCodeExtractPVO","MNT_AN_OFRNG","OFF","0","tcunha@pelotongroup.com","2025-01-07 09:45:19.299000","tcunha@pelotongroup.com","2025-01-07 09:45:19.371000"
"FscmTopModelAM.ScmExtractAM.DooBiccExtractAM.OrderAddressExtractPVO","MNT_AN_OFRNG","OFF","0","tcunha@pelotongroup.com","2025-01-04 10:23:06.652000","tcunha@pelotongroup.com","2025-01-04 10:23:06.684000"
"FscmTopModelAM.ScmExtractAM.DooBiccExtractAM.OrderAddressExtractPVO","MFG_AN_OFRNG","OFF","0","tcunha@pelotongroup.com","2025-01-04 10:23:06.652000","tcunha@pelotongroup.com","2025-01-04 10:23:06.685000"
"FscmTopModelAM.FinArCustomersPublicModelAM.AccountContactPoint","FIN_AN_OFRNG","OFF","0","tcunha@pelotongroup.com","2024-12-31 11:50:33.891000","tcunha@pelotongroup.com","2024-12-31 11:50:33.911000"
"FscmTopModelAM.FinArCustomersPublicModelAM.SiteContactRelationShip","FIN_AN_OFRNG","OFF","0","tcunha@pelotongroup.com","2024-12-31 11:52:36.714000","tcunha@pelotongroup.com","2024-12-31 11:52:36.750000"
"FscmTopModelAM.FinArCustomersPublicModelAM.SiteContactRelationShip","SCOM_AN_OFRNG","OFF","0","tcunha@pelotongroup.com","2024-12-31 11:52:36.714000","tcunha@pelotongroup.com","2024-12-31 11:52:36.751000"
"FscmTopModelAM.FinArCustomersPublicModelAM.SiteContactRelationShip","Order Management Extensions","OFF","0","tcunha@pelotongroup.com","2024-12-31 11:52:36.714000","tcunha@pelotongroup.com","2024-12-31 11:52:36.752000"
"FscmTopModelAM.FinArCustomersPublicModelAM.AccountContactRelationShip","FIN_AN_OFRNG","OFF","0","tcunha@pelotongroup.com","2024-12-31 14:01:40.000000","tcunha@pelotongroup.com","2024-12-31 14:01:40.870000"
"FscmTopModelAM.FinArCustomersPublicModelAM.AccountContactRelationShip","INCENTIVE_COMP_AN_OFRNG","OFF","0","tcunha@pelotongroup.com","2024-12-31 14:01:40.001000","tcunha@pelotongroup.com","2024-12-31 14:01:40.874000"
"FscmTopModelAM.CustAcctSiteInformationBIAM.FLEX_BI_CustAcctSiteInformation_VI","Order Management Extensions","OFF","0","arodrigues@pelotongroup.com","2025-03-07 11:51:18.000000","arodrigues@pelotongroup.com","2025-03-07 11:51:18.051000"
"FscmTopModelAM.CustAcctInformationBIAM.FLEX_BI_CustAcctInformation_VI","Order Management Extensions","OFF","0","arodrigues@pelotongroup.com","2025-03-27 13:26:54.043000","arodrigues@pelotongroup.com","2025-03-27 13:26:54.091000"
"FscmTopModelAM.ScmExtractAM.EgpBiccExtractAM.TradingPartnerItemsExtractPVO","INNOVATION_MGMT_AN_OFRNG","OFF","0","rgonzalez@pelotongroup.com","2025-02-26 19:39:51.020000","rgonzalez@pelotongroup.com","2025-02-26 19:39:51.111000"
"FscmTopModelAM.ScmExtractAM.EgpBiccExtractAM.TradingPartnerItemsExtractPVO","MNT_AN_OFRNG","OFF","0","rgonzalez@pelotongroup.com","2025-02-26 19:39:51.021000","rgonzalez@pelotongroup.com","2025-02-26 19:39:51.113000"
"FscmTopModelAM.ScmExtractAM.EgpBiccExtractAM.TradingPartnerItemsExtractPVO","MFG_AN_OFRNG","OFF","0","rgonzalez@pelotongroup.com","2025-02-26 19:39:51.021000","rgonzalez@pelotongroup.com","2025-02-26 19:39:51.114000"
"FscmTopModelAM.ScmExtractAM.EgpBiccExtractAM.TradingPartnerItemsExtractPVO","PIM_AN_OFRNG","OFF","0","rgonzalez@pelotongroup.com","2025-02-26 19:39:51.022000","rgonzalez@pelotongroup.com","2025-02-26 19:39:51.114000"
"FscmTopModelAM.ScmExtractAM.EgpBiccExtractAM.TradingPartnerItemsExtractPVO","SCOM_AN_OFRNG","OFF","0","rgonzalez@pelotongroup.com","2025-02-26 19:39:51.022000","rgonzalez@pelotongroup.com","2025-02-26 19:39:51.115000"
"FscmTopModelAM.ScmExtractAM.EgpBiccExtractAM.TradingPartnerItemsExtractPVO","Order Management Extensions","OFF","0","rgonzalez@pelotongroup.com","2025-02-26 19:39:51.022000","rgonzalez@pelotongroup.com","2025-02-26 19:39:51.116000"
"FscmTopModelAM.PartiesAnalyticsAM.PartySite","FIN_AN_OFRNG","OFF","0","arodrigues@pelotongroup.com","2025-04-14 00:55:31.000000","arodrigues@pelotongroup.com","2025-04-14 00:55:31.100000"
"FscmTopModelAM.PartiesAnalyticsAM.PartySite","SCOM_AN_OFRNG","OFF","0","arodrigues@pelotongroup.com","2025-04-14 00:55:31.007000","arodrigues@pelotongroup.com","2025-04-14 00:55:31.105000"
"FscmTopModelAM.ScmExtractAM.DooBiccExtractAM.FulfillLineExtractPVO","INNOVATION_MGMT_AN_OFRNG","OFF","0","tcunha@pelotongroup.com","2025-01-04 10:16:50.881000","tcunha@pelotongroup.com","2025-01-04 10:16:51.992000"
"FscmTopModelAM.ScmExtractAM.DooBiccExtractAM.FulfillLineExtractPVO","MFG_AN_OFRNG","OFF","0","tcunha@pelotongroup.com","2025-01-04 10:16:50.881000","tcunha@pelotongroup.com","2025-01-04 10:16:51.993000"
"FscmTopModelAM.ScmExtractAM.DooBiccExtractAM.FulfillLineExtractPVO","MNT_AN_OFRNG","OFF","0","tcunha@pelotongroup.com","2025-01-04 10:16:50.881000","tcunha@pelotongroup.com","2025-01-04 10:16:51.994000"
"FscmTopModelAM.ScmExtractAM.DooBiccExtractAM.FulfillLineExtractPVO","Order Management Extensions","OFF","0","tcunha@pelotongroup.com","2025-01-04 10:16:50.881000","tcunha@pelotongroup.com","2025-01-04 10:16:51.995000"
"FscmTopModelAM.ScmExtractAM.DooBiccExtractAM.FulfillLineExtractPVO","PIM_AN_OFRNG","OFF","0","tcunha@pelotongroup.com","2025-01-04 10:16:50.881000","tcunha@pelotongroup.com","2025-01-04 10:16:51.996000"
"FscmTopModelAM.ScmExtractAM.RcvBiccExtractAM.ReceivingInboundShipmentLineExtractPVO","SCOM_AN_OFRNG","OFF","0","arodrigues@pelotongroup.com","2025-05-26 21:30:49.800000","arodrigues@pelotongroup.com","2025-05-26 21:30:50.025000"
"FscmTopModelAM.ScmExtractAM.RcvBiccExtractAM.ReceivingInboundShipmentLineExtractPVO","Order Management Extensions","OFF","0","arodrigues@pelotongroup.com","2025-05-26 21:30:49.800000","arodrigues@pelotongroup.com","2025-05-26 21:30:50.026000"
"FscmTopModelAM.FinExtractAM.AnalyticsExtractServiceAM.ValueSetValuesPVO","FIN_AN_OFRNG","OFF","0","arodrigues@pelotongroup.com","2025-05-08 14:50:13.186000","arodrigues@pelotongroup.com","2025-05-08 14:50:13.720000"
"FscmTopModelAM.FinExtractAM.AnalyticsExtractServiceAM.ValueSetValuesPVO","Order Management Extensions","OFF","0","arodrigues@pelotongroup.com","2025-05-08 14:50:13.186000","arodrigues@pelotongroup.com","2025-05-08 14:50:13.721000"
"FscmTopModelAM.OrganizationAM.OrganizationUnitTranslationPVO","FIN_AN_OFRNG","OFF","0","arodrigues@pelotongroup.com","2025-06-23 13:28:16.000000","arodrigues@pelotongroup.com","2025-06-23 13:28:16.068000"
"FscmTopModelAM.OrganizationAM.OrganizationUnitTranslationPVO","HR_AN_OFRNG","OFF","0","arodrigues@pelotongroup.com","2025-06-23 13:28:16.011000","arodrigues@pelotongroup.com","2025-06-23 13:28:16.072000"
"FscmTopModelAM.OrganizationAM.OrganizationUnitTranslationPVO","PROC_SPEND_AN_OFRNG","OFF","0","arodrigues@pelotongroup.com","2025-06-23 13:28:16.011000","arodrigues@pelotongroup.com","2025-06-23 13:28:16.074000"
"FscmTopModelAM.OrganizationAM.OrganizationUnitTranslationPVO","PIM_AN_OFRNG","OFF","0","arodrigues@pelotongroup.com","2025-06-23 13:28:16.011000","arodrigues@pelotongroup.com","2025-06-23 13:28:16.075000"
"FscmTopModelAM.OrganizationAM.OrganizationUnitTranslationPVO","PROJECT_AN_OFRNG","OFF","0","arodrigues@pelotongroup.com","2025-06-23 13:28:16.011000","arodrigues@pelotongroup.com","2025-06-23 13:28:16.076000"
"FscmTopModelAM.OrganizationAM.OrganizationUnitTranslationPVO","SCP_AN_OFRNG","OFF","0","arodrigues@pelotongroup.com","2025-06-23 13:28:16.012000","arodrigues@pelotongroup.com","2025-06-23 13:28:16.077000"
"FscmTopModelAM.OrganizationAM.OrganizationUnitTranslationPVO","SCOM_AN_OFRNG","OFF","0","arodrigues@pelotongroup.com","2025-06-23 13:28:16.012000","arodrigues@pelotongroup.com","2025-06-23 13:28:16.077000"
"FscmTopModelAM.OrganizationAM.OrganizationUnitTranslationPVO","Order Management Extensions","OFF","0","arodrigues@pelotongroup.com","2025-06-23 13:28:16.012000","arodrigues@pelotongroup.com","2025-06-23 13:28:16.078000"
"FscmTopModelAM.PartiesAnalyticsAM.CustAcctSiteUseLoc","Order Management Extensions","OFF","0","arodrigues@pelotongroup.com","2025-06-26 23:30:18.009000","arodrigues@pelotongroup.com","2025-06-26 23:30:19.022000"
"CrmAnalyticsAM.CrmExtractAM.HzBiccExtractAM.CustomerAccountSiteExtractPVO","LTF_Snowflake_New","OFF","0","rarchakam@laterrafina.com","2025-07-25 22:02:00.000000","rarchakam@laterrafina.com","2025-07-25 22:02:00.061000"
"CrmAnalyticsAM.CrmExtractAM.HzBiccExtractAM.CustomerAcctSiteUseExtractPVO","LTF_Snowflake_New","OFF","0","rarchakam@laterrafina.com","2025-07-25 22:02:00.005000","rarchakam@laterrafina.com","2025-07-25 22:02:00.065000"
"CrmAnalyticsAM.OrganizationAM.OrganizationUnitPVO","LTF_Snowflake_New","OFF","0","rarchakam@laterrafina.com","2025-07-25 22:02:00.005000","rarchakam@laterrafina.com","2025-07-25 22:02:00.068000"
"FscmTopModelAM.EgpItemsPublicModelAM.InventoryItem","LTF_Snowflake_New","OFF","0","rarchakam@laterrafina.com","2025-07-25 22:02:00.005000","rarchakam@laterrafina.com","2025-07-25 22:02:00.069000"
"FscmTopModelAM.EgpItemsPublicModelAM.ItemCategory","LTF_Snowflake_New","OFF","0","rarchakam@laterrafina.com","2025-07-25 22:02:00.005000","rarchakam@laterrafina.com","2025-07-25 22:02:00.071000"
"FscmTopModelAM.EgpItemsPublicModelAM.ItemRelationship","LTF_Snowflake_New","OFF","0","rarchakam@laterrafina.com","2025-07-25 22:02:00.005000","rarchakam@laterrafina.com","2025-07-25 22:02:00.072000"
"FscmTopModelAM.FinArTopPublicModelAM.SalesInvoiceCustomerTrxLinesPVO","LTF_Snowflake_New","OFF","0","rarchakam@laterrafina.com","2025-07-25 22:02:00.005000","rarchakam@laterrafina.com","2025-07-25 22:02:00.073000"
"FscmTopModelAM.FinExtractAM.ArBiccExtractAM.PaymentScheduleExtractPVO","LTF_Snowflake_New","OFF","0","rarchakam@laterrafina.com","2025-07-25 22:02:00.005000","rarchakam@laterrafina.com","2025-07-25 22:02:00.074000"
"FscmTopModelAM.FinExtractAM.ArBiccExtractAM.ReceivableApplicationExtractPVO","LTF_Snowflake_New","OFF","0","rarchakam@laterrafina.com","2025-07-25 22:02:00.005000","rarchakam@laterrafina.com","2025-07-25 22:02:00.076000"
"FscmTopModelAM.FinExtractAM.ArBiccExtractAM.TransactionHeaderExtractPVO","LTF_Snowflake_New","OFF","0","rarchakam@laterrafina.com","2025-07-25 22:02:00.006000","rarchakam@laterrafina.com","2025-07-25 22:02:00.077000"
"FscmTopModelAM.FinExtractAM.ArBiccExtractAM.TransactionLineExtractPVO","LTF_Snowflake_New","OFF","0","rarchakam@laterrafina.com","2025-07-25 22:02:00.006000","rarchakam@laterrafina.com","2025-07-25 22:02:00.080000"
"FscmTopModelAM.PartiesAnalyticsAM.CustAcctSiteUseLoc","LTF_Snowflake_New","OFF","0","rarchakam@laterrafina.com","2025-07-25 22:02:00.006000","rarchakam@laterrafina.com","2025-07-25 22:02:00.081000"
"FscmTopModelAM.PartiesAnalyticsAM.CustomerAccount","LTF_Snowflake_New","OFF","0","rarchakam@laterrafina.com","2025-07-25 22:02:00.006000","rarchakam@laterrafina.com","2025-07-25 22:02:00.082000"
"FscmTopModelAM.PartiesAnalyticsAM.CustomerAccountRelationship","LTF_Snowflake_New","OFF","0","rarchakam@laterrafina.com","2025-07-25 22:02:00.006000","rarchakam@laterrafina.com","2025-07-25 22:02:00.083000"
"FscmTopModelAM.ScmExtractAM.DooBiccExtractAM.FulfillLineExtractPVO","LTF_Snowflake_New","OFF","0","rarchakam@laterrafina.com","2025-07-25 22:02:00.006000","rarchakam@laterrafina.com","2025-07-25 22:02:00.084000"
"FscmTopModelAM.ScmExtractAM.DooBiccExtractAM.HeaderExtractPVO","LTF_Snowflake_New","OFF","0","rarchakam@laterrafina.com","2025-07-25 22:02:00.006000","rarchakam@laterrafina.com","2025-07-25 22:02:00.086000"
"FscmTopModelAM.ScmExtractAM.DooBiccExtractAM.LineExtractPVO","LTF_Snowflake_New","OFF","0","rarchakam@laterrafina.com","2025-07-25 22:02:00.006000","rarchakam@laterrafina.com","2025-07-25 22:02:00.087000"
"FscmTopModelAM.ScmExtractAM.ScmRcsBiccExtractAM.InvOrgParametersExtractPVO","LTF_Snowflake_New","OFF","0","rarchakam@laterrafina.com","2025-07-25 22:02:00.006000","rarchakam@laterrafina.com","2025-07-25 22:02:00.088000"
"FscmTopModelAM.ScmExtractAM.WieBiccExtractAM.WorkOrderExtractPVO","LTF_Snowflake_New","OFF","0","rarchakam@laterrafina.com","2025-07-25 22:02:00.006000","rarchakam@laterrafina.com","2025-07-25 22:02:00.090000"
"FscmTopModelAM.ScmExtractAM.WieBiccExtractAM.WOStatusTranslationExtractPVO","LTF_Snowflake_New","OFF","0","rarchakam@laterrafina.com","2025-07-25 22:02:00.006000","rarchakam@laterrafina.com","2025-07-25 22:02:00.091000"
"FscmTopModelAM.ScmExtractAM.WieBiccExtractAM.WOOperationExtractPVO","LTF_Snowflake_New","OFF","0","rarchakam@laterrafina.com","2025-07-25 22:02:00.007000","rarchakam@laterrafina.com","2025-07-25 22:02:00.092000"
"FscmTopModelAM.ScmExtractAM.WieBiccExtractAM.WOOperationTranslationExtractPVO","LTF_Snowflake_New","OFF","0","rarchakam@laterrafina.com","2025-07-25 22:02:00.007000","rarchakam@laterrafina.com","2025-07-25 22:02:00.093000"
"FscmTopModelAM.ScmExtractAM.WieBiccExtractAM.WOOperationTransactionExtractPVO","LTF_Snowflake_New","OFF","0","rarchakam@laterrafina.com","2025-07-25 22:02:00.007000","rarchakam@laterrafina.com","2025-07-25 22:02:00.094000"
"FscmTopModelAM.WorkOrderAM.WorkOrderPVO","LTF_Snowflake_New","OFF","0","rarchakam@laterrafina.com","2025-07-25 22:02:00.007000","rarchakam@laterrafina.com","2025-07-25 22:02:00.095000"
"FscmTopModelAM.WorkOrderAM.MaintenanceWOOperationsPVO","LTF_Snowflake_New","OFF","0","rarchakam@laterrafina.com","2025-07-25 22:02:00.007000","rarchakam@laterrafina.com","2025-07-25 22:02:00.100000"
"FscmTopModelAM.WorkOrderAM.MaintenanceWOOperationMaterialsPVO","LTF_Snowflake_New","OFF","0","rarchakam@laterrafina.com","2025-07-25 22:02:00.007000","rarchakam@laterrafina.com","2025-07-25 22:02:00.101000"
"FscmTopModelAM.ScmExtractAM.DooBiccExtractAM.LotSerialExtractPVO","Order Management Extensions","OFF","0","tcunha@pelotongroup.com","2024-12-28 23:31:44.677000","tcunha@pelotongroup.com","2024-12-28 23:31:44.700000"
"FscmTopModelAM.ScmExtractAM.ScmRcsBiccExtractAM.InventoryOrgParametersPVO","Order Management Extensions","OFF","0","tcunha@pelotongroup.com","2024-12-28 23:31:44.678000","tcunha@pelotongroup.com","2024-12-28 23:31:44.701000"
"FscmTopModelAM.ScmExtractAM.InvBiccExtractAM.InvLotNumbersExtractPVO","Order Management Extensions","OFF","0","tcunha@pelotongroup.com","2024-12-28 23:31:44.679000","tcunha@pelotongroup.com","2024-12-28 23:31:44.704000"
"FscmTopModelAM.ScmExtractAM.InvBiccExtractAM.InvItemSubinventoryPVO","Order Management Extensions","OFF","0","tcunha@pelotongroup.com","2024-12-28 23:31:44.679000","tcunha@pelotongroup.com","2024-12-28 23:31:44.706000"
"FscmTopModelAM.ScmExtractAM.InvBiccExtractAM.InventorySubinventoryExtractPVO","Order Management Extensions","OFF","0","tcunha@pelotongroup.com","2024-12-28 23:31:44.680000","tcunha@pelotongroup.com","2024-12-28 23:31:44.708000"
"FscmTopModelAM.ScmExtractAM.EgpBiccExtractAM.ItemExtractPVO","INNOVATION_MGMT_AN_OFRNG","OFF","0","arodrigues@pelotongroup.com","2025-06-26 23:36:24.224000","arodrigues@pelotongroup.com","2025-06-26 23:36:29.775000"
"FscmTopModelAM.ScmExtractAM.EgpBiccExtractAM.ItemExtractPVO","MFG_AN_OFRNG","OFF","0","arodrigues@pelotongroup.com","2025-06-26 23:36:24.224000","arodrigues@pelotongroup.com","2025-06-26 23:36:29.776000"
"FscmTopModelAM.ScmExtractAM.EgpBiccExtractAM.ItemExtractPVO","MNT_AN_OFRNG","OFF","0","arodrigues@pelotongroup.com","2025-06-26 23:36:24.224000","arodrigues@pelotongroup.com","2025-06-26 23:36:29.777000"
"FscmTopModelAM.ScmExtractAM.EgpBiccExtractAM.ItemExtractPVO","Order Management Extensions","OFF","0","arodrigues@pelotongroup.com","2025-06-26 23:36:24.225000","arodrigues@pelotongroup.com","2025-06-26 23:36:29.778000"
"FscmTopModelAM.ScmExtractAM.EgpBiccExtractAM.ItemExtractPVO","PIM_AN_OFRNG","OFF","0","arodrigues@pelotongroup.com","2025-06-26 23:36:24.225000","arodrigues@pelotongroup.com","2025-06-26 23:36:29.779000"
"FscmTopModelAM.ScmExtractAM.EgpBiccExtractAM.ItemExtractPVO","SCOM_AN_OFRNG","OFF","0","arodrigues@pelotongroup.com","2025-06-26 23:36:24.225000","arodrigues@pelotongroup.com","2025-06-26 23:36:29.780000"
"FscmTopModelAM.PartiesAnalyticsAM.Customer","FIN_AN_OFRNG","OFF","0","arodrigues@pelotongroup.com","2025-06-26 23:33:25.195000","arodrigues@pelotongroup.com","2025-06-26 23:33:25.850000"
"FscmTopModelAM.PartiesAnalyticsAM.Customer","INCENTIVE_COMP_AN_OFRNG","OFF","0","arodrigues@pelotongroup.com","2025-06-26 23:33:25.195000","arodrigues@pelotongroup.com","2025-06-26 23:33:25.852000"
"FscmTopModelAM.PartiesAnalyticsAM.Customer","MFG_AN_OFRNG","OFF","0","arodrigues@pelotongroup.com","2025-06-26 23:33:25.196000","arodrigues@pelotongroup.com","2025-06-26 23:33:25.853000"
"FscmTopModelAM.PartiesAnalyticsAM.Customer","MNT_AN_OFRNG","OFF","0","arodrigues@pelotongroup.com","2025-06-26 23:33:25.196000","arodrigues@pelotongroup.com","2025-06-26 23:33:25.854000"
"FscmTopModelAM.PartiesAnalyticsAM.Customer","Order Management Extensions","OFF","0","arodrigues@pelotongroup.com","2025-06-26 23:33:25.196000","arodrigues@pelotongroup.com","2025-06-26 23:33:25.854000"
"FscmTopModelAM.PartiesAnalyticsAM.Customer","PROC_SPEND_AN_OFRNG","OFF","0","arodrigues@pelotongroup.com","2025-06-26 23:33:25.196000","arodrigues@pelotongroup.com","2025-06-26 23:33:25.855000"
"FscmTopModelAM.PartiesAnalyticsAM.Customer","PROJECT_AN_OFRNG","OFF","0","arodrigues@pelotongroup.com","2025-06-26 23:33:25.196000","arodrigues@pelotongroup.com","2025-06-26 23:33:25.856000"
"FscmTopModelAM.PartiesAnalyticsAM.Customer","SCOM_AN_OFRNG","OFF","0","arodrigues@pelotongroup.com","2025-06-26 23:33:25.196000","arodrigues@pelotongroup.com","2025-06-26 23:33:25.857000"
"FscmTopModelAM.PartiesAnalyticsAM.Customer","SCP_AN_OFRNG","OFF","0","arodrigues@pelotongroup.com","2025-06-26 23:33:25.196000","arodrigues@pelotongroup.com","2025-06-26 23:33:25.858000"
"CrmAnalyticsAM.CrmExtractAM.HzBiccExtractAM.CustomerAccountSiteExtractPVO","LTF_SNFL_DATA","OFF","0","rarchakam@laterrafina.com","2025-07-07 22:48:02.000000","rarchakam@laterrafina.com","2025-07-07 22:48:02.174000"
"CrmAnalyticsAM.CrmExtractAM.HzBiccExtractAM.CustomerAcctSiteUseExtractPVO","LTF_SNFL_DATA","OFF","0","rarchakam@laterrafina.com","2025-07-07 22:48:02.003000","rarchakam@laterrafina.com","2025-07-07 22:48:02.177000"
"CrmAnalyticsAM.OrganizationAM.OrganizationUnitPVO","LTF_SNFL_DATA","OFF","0","rarchakam@laterrafina.com","2025-07-07 22:48:02.003000","rarchakam@laterrafina.com","2025-07-07 22:48:02.179000"
"FscmTopModelAM.EgpItemsPublicModelAM.InventoryItem","LTF_SNFL_DATA","OFF","0","rarchakam@laterrafina.com","2025-07-07 22:48:02.003000","rarchakam@laterrafina.com","2025-07-07 22:48:02.180000"
"FscmTopModelAM.EgpItemsPublicModelAM.ItemCategory","LTF_SNFL_DATA","OFF","0","rarchakam@laterrafina.com","2025-07-07 22:48:02.003000","rarchakam@laterrafina.com","2025-07-07 22:48:02.181000"
"FscmTopModelAM.EgpItemsPublicModelAM.ItemRelationship","LTF_SNFL_DATA","OFF","0","rarchakam@laterrafina.com","2025-07-07 22:48:02.003000","rarchakam@laterrafina.com","2025-07-07 22:48:02.182000"
"FscmTopModelAM.FinArTopPublicModelAM.SalesInvoiceCustomerTrxLinesPVO","LTF_SNFL_DATA","OFF","0","rarchakam@laterrafina.com","2025-07-07 22:48:02.003000","rarchakam@laterrafina.com","2025-07-07 22:48:02.183000"
"FscmTopModelAM.FinExtractAM.ArBiccExtractAM.PaymentScheduleExtractPVO","LTF_SNFL_DATA","OFF","0","rarchakam@laterrafina.com","2025-07-07 22:48:02.003000","rarchakam@laterrafina.com","2025-07-07 22:48:02.184000"
"FscmTopModelAM.FinExtractAM.ArBiccExtractAM.ReceivableApplicationExtractPVO","LTF_SNFL_DATA","OFF","0","rarchakam@laterrafina.com","2025-07-07 22:48:02.004000","rarchakam@laterrafina.com","2025-07-07 22:48:02.185000"
"FscmTopModelAM.FinExtractAM.ArBiccExtractAM.TransactionHeaderExtractPVO","LTF_SNFL_DATA","OFF","0","rarchakam@laterrafina.com","2025-07-07 22:48:02.004000","rarchakam@laterrafina.com","2025-07-07 22:48:02.186000"
"FscmTopModelAM.FinExtractAM.ArBiccExtractAM.TransactionLineExtractPVO","LTF_SNFL_DATA","OFF","0","rarchakam@laterrafina.com","2025-07-07 22:48:02.004000","rarchakam@laterrafina.com","2025-07-07 22:48:02.187000"
"FscmTopModelAM.PartiesAnalyticsAM.CustAcctSiteUseLoc","LTF_SNFL_DATA","OFF","0","rarchakam@laterrafina.com","2025-07-07 22:48:02.004000","rarchakam@laterrafina.com","2025-07-07 22:48:02.188000"
"FscmTopModelAM.PartiesAnalyticsAM.CustomerAccount","LTF_SNFL_DATA","OFF","0","rarchakam@laterrafina.com","2025-07-07 22:48:02.004000","rarchakam@laterrafina.com","2025-07-07 22:48:02.189000"
"FscmTopModelAM.PartiesAnalyticsAM.CustomerAccountRelationship","LTF_SNFL_DATA","OFF","0","rarchakam@laterrafina.com","2025-07-07 22:48:02.004000","rarchakam@laterrafina.com","2025-07-07 22:48:02.190000"
"FscmTopModelAM.ScmExtractAM.DooBiccExtractAM.FulfillLineExtractPVO","LTF_SNFL_DATA","OFF","0","rarchakam@laterrafina.com","2025-07-07 22:48:02.004000","rarchakam@laterrafina.com","2025-07-07 22:48:02.191000"
"FscmTopModelAM.ScmExtractAM.DooBiccExtractAM.HeaderExtractPVO","LTF_SNFL_DATA","OFF","0","rarchakam@laterrafina.com","2025-07-07 22:48:02.004000","rarchakam@laterrafina.com","2025-07-07 22:48:02.192000"
"FscmTopModelAM.ScmExtractAM.DooBiccExtractAM.LineExtractPVO","LTF_SNFL_DATA","OFF","0","rarchakam@laterrafina.com","2025-07-07 22:48:02.004000","rarchakam@laterrafina.com","2025-07-07 22:48:02.193000"
"FscmTopModelAM.ScmExtractAM.ScmRcsBiccExtractAM.InvOrgParametersExtractPVO","LTF_SNFL_DATA","OFF","0","rarchakam@laterrafina.com","2025-07-07 22:48:02.004000","rarchakam@laterrafina.com","2025-07-07 22:48:02.194000"
"FscmTopModelAM.FinExtractAM.HzBiccExtractAM.CustomerAccountExtractPVO","LTF_SNFL_DATA","OFF","0","rarchakam@laterrafina.com","2025-07-07 22:48:02.004000","rarchakam@laterrafina.com","2025-07-07 22:48:02.195000"
"FscmTopModelAM.ScmExtractAM.RcvBiccExtractAM.ReceivingInboundShipmentLineExtractPVO","INNOVATION_MGMT_AN_OFRNG","OFF","0","arodrigues@pelotongroup.com","2025-05-26 21:30:49.800000","arodrigues@pelotongroup.com","2025-05-26 21:30:50.019000"
"FscmTopModelAM.ScmExtractAM.RcvBiccExtractAM.ReceivingInboundShipmentLineExtractPVO","MNT_AN_OFRNG","OFF","0","arodrigues@pelotongroup.com","2025-05-26 21:30:49.800000","arodrigues@pelotongroup.com","2025-05-26 21:30:50.023000"
"FscmTopModelAM.ScmExtractAM.RcvBiccExtractAM.ReceivingInboundShipmentLineExtractPVO","MFG_AN_OFRNG","OFF","0","arodrigues@pelotongroup.com","2025-05-26 21:30:49.800000","arodrigues@pelotongroup.com","2025-05-26 21:30:50.024000"
"FscmTopModelAM.ScmExtractAM.RcvBiccExtractAM.ReceivingInboundShipmentLineExtractPVO","PIM_AN_OFRNG","OFF","0","arodrigues@pelotongroup.com","2025-05-26 21:30:49.800000","arodrigues@pelotongroup.com","2025-05-26 21:30:50.024000"
