DATA_STORE_KEY,DATA_STORE_CODE,IS_CLOUD_EXT_ENABLED,INACTIVE_FLAG,CREATED_BY,CREATION_DATE,LAST_UPDATED_BY,LAST_UPDATE_DATE,QUERY_FILTER,IS_EFFECTIVE_DATE_DISABLED,LAST_EXTRACT_DATE,IS_FLEX_DATA_STORE,SILENT_ERROR_ENABLED
"FscmTopModelAM.CustAcctContactInformationBIAM.FLEX_BI_CustAcctContactInformation_VI","FscmTopModelAM.CustAcctContactInformationBIAM.FLEX_BI_CustAcctContactInformation_VI","","","tcunha@pelotongroup.com","2024-12-31 15:55:17.000000","tcunha@pelotongroup.com","2024-12-31 15:55:17.004000","","0","","1","0"
"FscmTopModelAM.DooTopAM.FulfillLineBIEffEFFBIFlattened","FscmTopModelAM.DooTopAM.FulfillLineBIEffEFFBIFlattened","","","tcunha@pelotongroup.com","2024-12-29 19:44:36.000000","tcunha@pelotongroup.com","2024-12-29 19:44:36.099000","","0","","1","0"
"FscmTopModelAM.DooTopAM.HeaderBIEffEFFBIFlattened","FscmTopModelAM.DooTopAM.HeaderBIEffEFFBIFlattened","","","tcunha@pelotongroup.com","2024-12-29 21:33:37.973000","tcunha@pelotongroup.com","2024-12-29 21:33:37.980000","","0","","0","0"
"FscmTopModelAM.CustAcctSiteInformationBIAM.FLEX_BI_CustAcctSiteInformation_VI","FscmTopModelAM.CustAcctSiteInformationBIAM.FLEX_BI_CustAcctSiteInformation_VI","","","arodrigues@pelotongroup.com","2025-02-21 18:26:22.000000","arodrigues@pelotongroup.com","2025-02-21 18:26:22.030000","","0","","1","0"
"FscmTopModelAM.CustAcctInformationBIAM.FLEX_BI_CustAcctInformation_VI","FscmTopModelAM.CustAcctInformationBIAM.FLEX_BI_CustAcctInformation_VI","","","rgonzalez@pelotongroup.com","2025-02-26 03:46:59.000000","rgonzalez@pelotongroup.com","2025-02-26 03:46:59.014000","","0","","1","0"
