DATA_STORE_KEY,IS_CLOUD_EXT_ENABLED,CREATED_BY,CREATION_DATE,LAST_UPDATED_BY,LAST_UPDATE_DATE,IS_EFFECTIVE_DATE_DISABLED,QUERY_FILTER,IS_CUSTOMIZED,IS_FLEX_DATA_STORE,SILENT_ERROR_ENABLED,INITIAL_EXTRACT_DATE,CHUNK_TYPE,CHUNK_DATE_SEQ_INCR,CHUNK_DATE_SEQ_MIN,CHUNK_PK_SEQ_INCR,USE_ADF_QUERY,USE_UNION_FOR_INCR,USE_BI_BROKER,DB_HINTS
"FscmTopModelAM.EgpItemsPublicModelAM.ItemRelationship","0","-1","2025-04-23 16:58:48.331000","-1","2025-08-11 16:28:41.283000","0","","1","0","0","","","","","","1","0","0",""
"FscmTopModelAM.CustAcctSiteInformationBIAM.FLEX_BI_CustAcctSiteInformation_VI","0","-1","2025-02-21 18:26:22.017000","erp-integration","2025-08-13 17:01:11.098000","0","","1","0","0","","","","","","1","0","0",""
"FscmTopModelAM.PartiesAnalyticsAM.Customer","0","-1","2025-02-06 09:55:26.000000","erp-integration","2025-08-13 17:01:11.071000","0","","1","0","0","","","","","","1","0","0",""
"FscmTopModelAM.DooTopAM.FulfillLineBIEffEFFBIFlattened","0","-1","2024-12-29 19:44:36.084000","-1","2025-08-11 16:28:46.473000","0","","1","0","0","","","","","","1","0","0",""
"FscmTopModelAM.AnalyticsServiceAM.LookupValuesPVO","0","-1","2024-12-29 21:54:03.181000","erp-integration","2025-08-13 17:01:11.038000","0","__DATASTORE__.LookupType not in ('GROUPING_SEPARATOR','HZ_FORMAT_DELIMITERS','ICX_NUMERIC_CHARACTERS')","1","0","0","","","","","","1","0","0",""
"FscmTopModelAM.FinArCustomersPublicModelAM.AccountContact","0","-1","2024-12-29 21:54:03.845000","-1","2025-08-11 16:28:40.284000","0","","1","0","0","","","","","","1","0","0",""
"FscmTopModelAM.FinArCustomersPublicModelAM.AccountContactPoint","0","-1","2024-12-29 21:54:03.846000","-1","2025-08-11 16:28:40.287000","0","","1","0","0","","","","","","1","0","",""
"FscmTopModelAM.FinArCustomersPublicModelAM.AccountContactRelationShip","0","-1","2024-12-29 21:54:03.847000","erp-integration","2025-08-13 17:01:11.052000","0","","1","0","0","","","","","","1","0","0",""
"FscmTopModelAM.FinArCustomersPublicModelAM.SiteContact","0","-1","2024-12-29 21:54:03.855000","-1","2025-08-11 16:28:41.338000","0","","1","0","0","","","","","","1","0","",""
"FscmTopModelAM.FinArCustomersPublicModelAM.SiteContactPoint","0","-1","2024-12-29 21:54:03.856000","-1","2025-08-11 16:28:40.894000","0","","1","0","0","","","","","","1","0","",""
"FscmTopModelAM.FinArCustomersPublicModelAM.SiteContactRelationShip","0","-1","2024-12-29 21:54:03.857000","-1","2025-08-11 16:28:40.896000","0","","1","0","0","","","","","","1","0","",""
"FscmTopModelAM.FinArTopPublicModelAM.CustomerFinancialProfilePVO","0","-1","2024-12-29 21:54:03.896000","-1","2025-08-11 16:28:41.351000","0","","1","0","0","","","","","","1","0","",""
"FscmTopModelAM.EgpItemsPublicModelAM.InventoryItem","1","-1","2024-12-29 21:54:03.746000","-1","2025-08-11 16:28:41.254000","0","","1","0","0","","","","","","1","0","",""
"FscmTopModelAM.EgpItemsPublicModelAM.Item","0","-1","2024-12-29 21:54:03.749000","-1","2025-08-11 16:28:41.259000","0","__DATASTORE__.ItemTranslationPEOLanguage='PTB'AND __DATASTORE__.MasterOrgUnitTLPEOLanguage = 'PTB'AND __DATASTORE__.ItemClassTranPEOLanguage='PTB'","1","0","0","","","","","","1","0","0",""
"FscmTopModelAM.EgpItemsPublicModelAM.ItemCategory","0","-1","2024-12-29 21:54:03.750000","erp-integration","2025-08-13 17:01:11.055000","0","","1","0","0","","","","","","1","0","",""
"FscmTopModelAM.FinExtractAM.AnalyticsExtractServiceAM.ValueSetValuesPVO","0","-1","2024-12-29 21:54:03.949000","erp-integration","2025-08-13 17:01:11.058000","0","","1","0","0","","","","","","1","0","0",""
"FscmTopModelAM.InvUomPublicViewAM.InvUnitsOfMeasurePVO","0","-1","2024-12-29 21:54:04.618000","erp-integration","2025-08-13 17:01:11.080000","0","","1","0","1","","","","","","1","0","0",""
"FscmTopModelAM.InventoryAM.InventoryOnhandPVO","1","-1","2024-12-29 21:54:04.657000","erp-integration","2025-08-13 17:01:11.083000","0","","1","0","0","","","","","","1","0","0",""
"FscmTopModelAM.PartiesAnalyticsAM.CustAccountSiteUse","0","-1","2024-12-29 21:54:04.747000","-1","2025-08-11 16:28:43.554000","0","","1","0","0","","","","","","1","0","",""
"FscmTopModelAM.PartiesAnalyticsAM.CustomerAccount","1","-1","2024-12-29 21:54:04.750000","erp-integration","2025-08-13 17:01:11.073000","0","","1","0","0","","","","","","1","0","",""
"FscmTopModelAM.PartiesAnalyticsAM.CustomerAccountRelationship","1","-1","2024-12-29 21:54:04.751000","erp-integration","2025-08-13 17:01:11.075000","0","","1","0","0","","","","","","1","0","",""
"FscmTopModelAM.ScmExtractAM.DooBiccExtractAM.FulfillLineStatusExtractPVO","0","-1","2024-12-29 21:54:07.053000","-1","2025-08-11 16:28:49.904000","0","","1","0","0","","","","","","1","0","",""
"FscmTopModelAM.ScmExtractAM.DooBiccExtractAM.HoldCodeExtractPVO","0","-1","2024-12-29 21:54:07.055000","-1","2025-08-11 16:28:49.032000","0","","1","0","0","","","","","","1","0","",""
"FscmTopModelAM.ScmExtractAM.DooBiccExtractAM.HoldInstanceExtractPVO","0","-1","2024-12-29 21:54:07.057000","-1","2025-08-11 16:28:49.037000","0","","1","0","0","","","","","","1","0","",""
"FscmTopModelAM.ScmExtractAM.DooBiccExtractAM.OrderAddressExtractPVO","0","-1","2024-12-29 21:54:07.066000","-1","2025-08-11 16:28:49.262000","0","","1","0","0","","","","","","1","0","",""
"FscmTopModelAM.ScmExtractAM.DooBiccExtractAM.FulfillLineExtractPVO","1","-1","2024-12-29 21:54:06.969000","erp-integration","2025-08-13 17:01:11.119000","0","","1","0","0","","","","","","1","0","0",""
"FscmTopModelAM.ScmExtractAM.EgpBiccExtractAM.ItemExtractPVO","1","-1","2024-12-29 21:54:07.485000","erp-integration","2025-08-13 17:01:11.111000","0","","1","0","0","","","","","","1","0","0",""
"FscmTopModelAM.CustAcctContactInformationBIAM.FLEX_BI_CustAcctContactInformation_VI","0","-1","2024-12-31 15:55:17.002000","-1","2025-08-11 16:28:46.471000","0","","1","0","0","","","","","","1","0","0",""
"FscmTopModelAM.CustAcctInformationBIAM.FLEX_BI_CustAcctInformation_VI","0","-1","2025-02-26 03:46:59.009000","erp-integration","2025-08-13 17:01:11.100000","0","","1","0","0","","","","","","1","0","0",""
"FscmTopModelAM.PartiesAnalyticsAM.PartyUsage","0","-1","2025-02-26 20:43:41.817000","-1","2025-08-11 16:28:43.579000","0","","1","0","0","","","","","","1","0","",""
"FscmTopModelAM.ScmExtractAM.WshBiccExtractAM.DeliveryLineAssignmentExtractPVO","0","-1","2025-02-26 20:43:43.079000","erp-integration","2025-08-13 17:01:11.091000","0","","1","0","0","","","","","","1","0","",""
"FscmTopModelAM.ScmExtractAM.WshBiccExtractAM.DeliveryLineExtractPVO","0","-1","2025-02-26 20:43:43.080000","erp-integration","2025-08-13 17:01:11.093000","0","","1","0","0","","","","","","1","0","",""
"FscmTopModelAM.ScmExtractAM.ScmRcsBiccExtractAM.InvOrgParametersExtractPVO","0","-1","2025-02-26 20:43:43.811000","erp-integration","2025-08-13 17:01:11.086000","0","","1","0","0","","","","","","1","0","",""
"FscmTopModelAM.DooTopAM.HeaderBIEffEFFBIFlattened","0","-1","2024-12-29 21:33:37.976000","erp-integration","2025-08-13 17:01:11.095000","0","","1","0","0","","","","","","1","0","0",""
"FscmTopModelAM.RcvReceiptsAM.ReceivingIntransitShipmentsPVO","0","-1","2025-04-23 16:58:50.392000","-1","2025-08-11 16:28:44.987000","0","","1","0","0","","","","","","1","0","0",""
"FscmTopModelAM.ScmExtractAM.RcvBiccExtractAM.ReceivingInboundShipmentHeaderExtractPVO","0","-1","2025-04-23 16:58:51.204000","-1","2025-08-11 16:28:47.113000","0","","1","0","0","","","","","","1","0","",""
"FscmTopModelAM.ScmExtractAM.RcvBiccExtractAM.ReceivingInboundShipmentLineExtractPVO","0","-1","2025-04-23 16:58:51.205000","-1","2025-08-11 16:28:47.116000","0","","1","0","0","","","","","","1","0","",""
"FscmTopModelAM.ScmExtractAM.InvBiccExtractAM.TransferOrderLineExtractPVO","0","-1","2024-12-29 21:54:06.471000","erp-integration","2025-08-13 17:01:11.126000","0","","1","0","0","","","","","","1","0","",""
"FscmTopModelAM.ScmExtractAM.EgpBiccExtractAM.ItemRelationshipExtractPVO","0","-1","2025-02-04 13:47:16.000000","erp-integration","2025-08-13 17:01:11.107000","0","","1","0","0","","","","","","1","0","",""
"FscmTopModelAM.OrganizationAM.OrganizationUnitTranslationPVO","0","-1","2025-06-03 03:16:52.208000","erp-integration","2025-08-13 17:01:11.060000","0","","1","0","0","","","","","","1","0","",""
"FscmTopModelAM.PartiesAnalyticsAM.PartySite","0","-1","2025-02-26 20:43:41.817000","erp-integration","2025-08-13 17:01:11.078000","0","","1","0","0","","","","","","1","0","",""
"FscmTopModelAM.ScmExtractAM.InvBiccExtractAM.TransferOrderHeaderExtractPVO","0","-1","2024-12-29 21:54:06.470000","erp-integration","2025-08-13 17:01:11.123000","0","","1","0","0","","","","","","1","0","",""
"FscmTopModelAM.ScmExtractAM.EgpBiccExtractAM.TradingPartnerItemsExtractPVO","0","-1","2025-02-26 19:39:51.000000","erp-integration","2025-08-13 17:01:11.102000","0","","1","0","0","","","","","","1","0","",""
"FscmTopModelAM.ScmExtractAM.WshBiccExtractAM.DeliveryExtractPVO","0","-1","2025-02-26 20:43:43.078000","erp-integration","2025-08-13 17:01:11.088000","0","","1","0","0","","","","","","1","0","",""
"FscmTopModelAM.PartiesAnalyticsAM.CustAcctSiteUseLoc","0","-1","2024-12-29 21:54:04.748000","erp-integration","2025-08-13 17:01:11.065000","0","","1","0","0","","","","","","1","0","0",""
"FscmTopModelAM.ScmExtractAM.InvBiccExtractAM.InventoryReservationsExtractPVO","0","-1","2024-12-29 21:54:06.368000","erp-integration","2025-08-13 17:01:11.105000","0","","1","0","0","","","","","","1","0","",""
"FscmTopModelAM.ScmExtractAM.DooBiccExtractAM.HeaderExtractPVO","1","-1","2024-12-29 21:54:07.054000","erp-integration","2025-08-13 17:01:11.121000","0","","1","0","0","","","","","","1","0","0",""
